"Huawei P30 Lite, Azul, 128 GB, 4 GB RAM, 6.15"" Full HD+, Kirin 710, 3340 mAh, Android","€199,-"
"Xiaomi Redmi Note 8 Pro, Azul, 128 GB, 6 GB RAM, 6.53"" Full HD+, Helio G90T, 4500 mAh, Android","€239,-"
"Xiaomi Redmi Note 8 Pro, Blanco, 128 GB, 6 GB RAM, 6.53"" Full HD+, Helio G90T, 4500 mAh, Android","€239,-"
"Xiaomi Redmi Note 8 Pro, Verde, 128 GB, 6 GB RAM, 6.53"" Full HD+, Helio G90T, 4500 mAh, Android","€239,-"
"Xiaomi Redmi Note 8T, Azul, 64 GB, 4 GB RAM, 6.3"" Full HD+, Snapdragon 665, 4000 mAh, Android","€179,-"
"Xiaomi Redmi 8, Negro, 64 GB, 4 GB RAM, 6.22"" HD+, Snapdragon 439, 5000 mAh, Android","€169,-"
"Samsung Galaxy A51, Negro, 128 GB, 4 GB RAM, 6.5"" Full HD+, Exynos9611, 4000 mAh, Android","€299,-"
"Samsung Galaxy A51, Azul, 128 GB, 4 GB RAM, 6.5"" Full HD+, Exynos9611, 4000 mAh, Android","€299,-"
"Xiaomi Redmi 8, Azul, 64 GB, 4 GB RAM, 6.22"" HD+, Snapdragon 439, 5000 mAh, Android","€149,-"
"Huawei Y7 (2019), Azul, 32 GB, 3 GB RAM, 6.26"" Full HD+, Snapdragon 450, 4000 mAh, Android","€129,-"
"Xiaomi Redmi Note 8T, Blanco, 64 GB, 4 GB RAM, 6.3"" Full HD+, Snapdragon 665, 4000 mAh, Android","€179,-"
"Huawei Y5 (2019), Negro, 16 GB, 2 GB RAM, 5.71"" HD, MT6761, 3020 mAh, Android","€94,99"
"Huawei P40 LITE 4G, Negro, 128 GB, 6 GB, 6.4 "" Full HD+, Kirin 810, 4200 mAh, Android","€299,-"
"Samsung Galaxy A30s, Negro, 64 GB, 4 GB RAM, 6.4"" HD+, Exynos 7904, 4000 mAh, Android","€199,-"
"11, Blanco, 64 GB, 4 GB RAM, 6.1"" Liquid Retina HD, Chip A13 Bionic, iOS","€809,-"
"Samsung Galaxy A30s, Verde, 64 GB, 4 GB RAM, 6.4"", OctaCore, 4000 mAh, Android","€199,-"
"Samsung Galaxy A20, Azul, 32 GB, 3 GB RAM, 5.8"" HD+, Exynos 7884B, 3000 mAh, Android","€159,-"
"Samsung Galaxy S10, Negro, 128 GB, 8 GB RAM, 6.1"" QHD+, Exynos 9 9821, 3400 mAh, Android","€599,-"
"Huawei P40 LITE 4G, Verde, 128 GB, 6 GB, 6.4 "" Full HD+, Kirin 810, 4200 mAh, Android","€299,-"
"Samsung Galaxy A71, Azul, 128 GB, 6 GB RAM, 6.7"" Full HD+, SDM730, 4500 mAh, Android","€399,-"
"Huawei Y7 (2019), Negro, 32 GB, 3 GB RAM, 6.26"" Full HD+, Snapdragon 450, 4000 mAh, Android","€129,-"
"11, Malva, 128 GB, 4 GB RAM, 6.1"" Liquid Retina HD, Chip A13 Bionic, iOS","€859,-"
"Samsung Galaxy A71, Negro, 128 GB, 6 GB RAM, 6.7"" Full HD+, SDM730, 4500 mAh, Android","€399,-"
"Samsung Galaxy A20, Coral, 32 GB, 3 GB RAM, 5.8"" HD+, Exynos 7884B, 3000 mAh, Android","€159,-"
"Samsung Galaxy A40, Azul, 64 GB, 4 GB RAM, 5.9"", Samsung Exynos, 3100 mAh, Android","€179,-"
"Samsung Galaxy A51, Blanco, 128 GB, 4 GB RAM, 6.5"" Full HD+, Exynos 9611, 4000 mAh, Android","€299,-"
"11, Malva, 64 GB, 4 GB RAM, 6.1"" Liquid Retina HD, Chip A13 Bionic, iOS","€809,-"
"11, Negro, 128 GB, 4 GB RAM, 6.1"" Liquid Retina HD, Chip A13 Bionic, iOS","€859,-"
"Xiaomi Redmi Note 8 Pro, Azul, 64 GB, 6.00 GB, 6.53 "" Full HD+, Helio G90T, 4500 mAh, Android","€219,-"
"11, Verde, 64 GB, 4 GB RAM, 6.1"" Liquid Retina HD, Chip A13 Bionic, iOS","€809,-"
"11, Rojo, 128 GB, 4 GB RAM, 6.1"" Liquid Retina HD, Chip A13 Bionic, iOS, (PRODUCT)RED™","€859,-"
"11, Negro, 64 GB, 4 GB RAM, 6.1"" Liquid Retina HD, Chip A13 Bionic, iOS","€799,-"
"Samsung Galaxy A30s, Blanco, 64 GB, 4 GB RAM, 6.4"" HD+, Exynos 7904, 4000 mAh, Android","€199,-"
"SE, Negro, 64 GB, 4.7"" Retina HD, Chip A13 Bionic, iOS","€489,-"
"Xiaomi Redmi 8, Azul, 32 GB, 3 GB RAM, 6.22"" HD+, Snapdragon 439, 5000 mAh, Android","€139,-"
"7, 32GB, Red 4G LTE, Pantalla Retina HD de 4.7"", Negro","€382,-"
"Huawei P30, Azul, 128 GB, 6 GB RAM, 6.1"" Full HD+, Kirin 980, 3650 mAh, Android","€399,-"
"Xiaomi Mi Mix 3 5G, Azul, 128 GB, 6 GB, 6.39"" Full HD+, Qualcomm® Snapdragon™ 855, 3800 mAh, Android","€349,-"
"SE, Blanco, 128 GB, 4.7"" Retina HD, Chip A13 Bionic, iOS","€539,-"
"SE, Blanco, 64 GB, 4.7"" Retina HD, Chip A13 Bionic, iOS","€489,-"
"Xiaomi Redmi 8, Negro, 32 GB, 3 GB RAM, 6.22"" HD+, Snapdragon 439, 5000 mAh, Android","€139,-"
"11, Rojo, 64 GB, 4 GB RAM, 6.1"" Liquid Retina HD, Chip A13 Bionic, iOS, (PRODUCT)RED™","€809,-"
"Xiaomi Redmi Note 8T, Gris, 64 GB, 4 GB RAM, 6.3"" Full HD+, Snapdragon 665, 4000 mAh, Android","€179,-"
"SE, Rojo, 64 GB, 4.7"" Retina HD, Chip A13 Bionic, iOS","€489,-"
"Xiaomi Mi Mix 3 5G, Negro, 128 GB, 6 GB, 6.39"" Full HD+, Qualcomm® Snapdragon™ 855, 3800 mAh, Android","€349,-"
"SE, Rojo, 128 GB, 4.7"" Retina HD, Chip A13 Bionic, iOS","€539,-"
"Huawei P30, Negro, 128 GB, 6 GB RAM, 6.1"", Kirin 980, 3650 mAh, Android","€399,-"
"Samsung Galaxy A20e, Negro, 32 GB, 3 GB RAM, 5.8"" HD+, Exynos 7884B, 3000 mAh, Android","€159,-"
"Motorola E6 Plus, Gris, 64 GB, 4 GB RAM, 6.1"" HD+, Helio P22, 3000 mAh, Android","€119,-"
"Samsung Galaxy A71, Plata, 128 GB, 6 GB RAM, 6.7"" Full HD+, SDM730, 4500 mAh, Android","€399,-"
"Honor 7S, Azul, 16 GB, 2 GB RAM, 5.45"" HD, QuadCore, 3020 mAh, Android","€85,-"
"Oppo A9, Verde, 128 GB, 4 GB RAM, 6.5"", Snapdragon 665, 5000 mAh, Android","€219,-"
"7, Rosa dorado, 32 GB, 2 GB RAM, 4.7"" Retina HD, Chip A10 Fusion, iOS","€382,-"
"realme 6, Blanco, 128 GB, 8 GB, 6.5 "" Full HD, G90T, 4300 mAh, Android","€279,-"
"11, Amarillo, 128 GB, 4 GB RAM, 6.1"" Liquid Retina HD, Chip A13 Bionic, iOS","€859,-"
"realme X2, Azul, 128 GB, 8 GB RAM, 6.4"" Full HD+, Snapdragon 730G, 4000 mAh, Android","€299,-"
"7, Dorado, 32 GB, 2 GB RAM, 4.7"" Retina HD, Chip A10 Fusion, iOS","€382,-"
"realme 5 Pro, Azul, 128 GB, 8 GB RAM, 6.3"" Full HD+, Snapdragon 712, 4035 mAh, Android","€219,-"
"XR, Negro, 64 GB, 3 GB RAM, 6.1"" Liquid Retina HD, Chip A12 Bionic, iOS","€709,-"
"LG G8 Smart Green, Negro, 128 GB, 6 GB RAM, 6.21"" Full HD+, Snapdragon 855, 3550 mAh, Android","€379,-"
"LG G8 Smart Green, Negro, 128 GB, 6 GB RAM, 6.21"" Full HD+, Snapdragon 855, 3550 mAh, Android","€379,-"
"Alcatel 1 (2019), Azul, 8 GB, 1 GB RAM, 5"" WVGA, MT6739, 2000 mAh, Android","€54,99"
"Huawei P30 Lite, Azul, 256 GB, 6 GB RAM, 6.15"" Full HD+, Kirin 710, 3340 mAh, Android","€259,-"
"Samsung Galaxy Note 10 Lite, Aura Glow, 128 GB, 6GB RAM, 6.7"" Full HD+, Exynos 9810, 4500 mAh, Android","€569,-"
"Motorola E6 Plus, Azul, 64 GB, 4 GB RAM, 6.1"", MediaTek Helio P22, Android","€119,-"
"Samsung Galaxy S10+, Negro, 128 GB, 8 GB RAM, 6.4"" QHD, Exynos 9 9822, 4100 mAh, Android","€749,-"
"7, Plata, 32 GB, 2 GB RAM, 4.7"" Retina HD, Chip A10 Fusion, iOS","€382,-"
"Honor 9X, Negro, 128 GB, 4 GB RAM, 6.6"" FHD+, Kirin 710F, Triple Camara AI 48MP, 4000 mAh, Dual SIM","€199,-"
"11 Pro, Verde noche, 64 GB, 6 GB RAM, 5.8"" OLED Super Retina XDR, Chip A13 Bionic, iOS","€1132,-"
"Oppo A9, Violeta, 128 GB, 4 GB RAM, 6.5"" HD, Snapdragon 665, 5000 mAh, Android","€219,-"
"11 Pro, Verde noche, 256 GB, 6 GB RAM, 5.8"" OLED Super Retina XDR, Chip A13 Bionic, iOS","€1329,-"
"Alcatel 1 (2019), Negro, 8 GB, 1 GB RAM, 5"" WVGA, MT6739, 2000 mAh, Android","€54,99"
"Samsung Galaxy Note 10 +, Gris, 256 GB, 12 GB RAM, 6.8"" WQHD+, Exynos 9825, 4300 mAh, Android","€826,-"
"realme 6, Blanco, 64 GB, 4 GB, 6.5 "" Full HD, G90T, 4300 mAh, Android","€219,-"
"Samsung Galaxy S20 Ultra 5G, Negro, 128 GB, 12 GB RAM, 6.9"" AMOLED 120Hz, Exynos 990, 5000 mAh","€1359,-"
"11, Amarillo, 64 GB, 4 GB RAM, 6.1"" Liquid Retina HD, Chip A13 Bionic, iOS","€809,-"
"11 Pro, Gris espacial, 256 GB, 6 GB RAM, 5.8"" OLED Super Retina XDR, Chip A13 Bionic, iOS","€1329,-"
"Oppo A5, Negro, 64 GB, 3 GB RAM, 6.5"" HD, Snapdragon 665, 5000 mAh, Android","€169,-"
"Alcatel 1S, Oro, 64 GB, 4 GB RAM, 5.5"" HD+, SC9863A, 3060 mAh, Android","€99,-"
"realme 6, Azul, 64 GB, 4 GB, 6.5 "" Full HD, G90T, 4300 mAh, Android","€215,-"
"LG K40s, Azul, 32 GB, 2 GB RAM, 6.1"" HD+, 3500 mAh, Android","€139,-"
"Oppo A5, Blanco, 64 GB, 3 GB RAM, 6.5"" HD, Snapdragon 665, 5000 mAh, Android","€169,-"
"Alcatel 1S, Azul, 64 GB, 4 GB RAM, 5.5"" HD+,, 3060 mAh, Android","€99,-"
"Honor 20 Lite, Azul, 128 GB, 4 GB RAM, 6.21"" FHD+, Kirin 710F, Triple cámara AI 48 MP, Dual SIM","€185,-"
"11 Pro, Oro, 256 GB, 6 GB RAM, 5.8"" OLED Super Retina XDR, Chip A13 Bionic, iOS","€1329,-"
"Oppo Reno 2Z, Negro, 128 GB, 8 GB RAM, 6.5"" Full HD+, MediaTek Helio P90, 4000 mAh, Android","€319,-"
"11 Pro Max, Plata, 64 GB, 6 GB RAM, 6.5"" OLED Super Retina XDR, Chip A13 Bionic, iOS","€1259,-"
"Huawei Nova 5T, Violeta, 128 GB, 6 GB RAM, 6.26"" Full HD+, Kirin 980, 3750 mAh, Android","€285,-"
"OnePlus 7, Gris, 128 GB, 6 GB RAM, 6.41"" Full HD+, Snapdragon 855, 3700 mAh, Android","€559,-"
"Honor 20 Pro, Phantom Blue, 256 GB, 8 GB RAM, 6.26"" FHD+, Kirin 980, Cuatro Cámaras AI 48MP, 4000 mAh","€399,-"
"Samsung Galaxy A30S, Verde, 128 GB, 4 GB, 6.4"" HD+, Octa Core, 4000 mAh, Android","€259,-"
"Samsung Galaxy Note 10, Gris, 256 GB, 8 GB RAM, 6.3"" Full HD+, Exynos 9825, 3500 mAh, Android","€699,-"
"11 Pro Max, Oro, 64 GB, 6 GB RAM, 6.5"" OLED Super Retina XDR, Chip A13 Bionic, iOS","€1259,-"
"11 Pro, Plata, 64 GB, 6 GB RAM, 5.8"" OLED Super Retina XDR, Chip A13 Bionic, iOS","€1132,-"
"XR, Blanco, 128 GB, 3 GB RAM, 6.1"" Liquid Retina HD, Chip A12 Bionic, iOS","€758,-"
"11 Pro, Gris espacial, 64 GB, 6 GB RAM, 5.8"" OLED Super Retina XDR, Chip A13 Bionic, iOS","€1132,-"
"Samsung Galaxy A20, Azul, 32GB, 3GB RAM, 5.8"" HD+, Exynos 7884B, Android + Inst. Protector Pantalla","€178,99"
"Xiaomi Mi 10, Gris, 128GB, 8GB RAM, 6.67"" FHD+, Snapdragon 865, 4780 mAh + Mi Band 3, Mi Airdots Pro 2","€799,-"
"Samsung Galaxy Note 10 +, Negro, 256 GB, 12 GB RAM, 6.8"" WQHD+, Exynos 9825, 4300 mAh, Android","€826,-"
"Samsung Galaxy S20 Ultra 5G, Gris, 128 GB, 12 GB RAM, 6.9"" AMOLED 120Hz, Exynos 990, 5000 mAh","€1359,-"
"Samsung Galaxy S20 4G, Gris, 128 GB, 8 GB RAM, 6.2"" AMOLED 120 Hz, Exynos 990, 4000 mAh, Android","€847,-"
"11, Negro, 256 GB, 4 GB RAM, 6.1"" Liquid Retina HD, Chip A13 Bionic, iOS","€979,-"
"Huawei Nova 5T, Negro, 128 GB, 6 GB RAM, 6.26"" Full HD+, Kirin 980, 3750 mAh, Android","€285,-"
"Samsung Galaxy Note 10 Lite, Aura Black, 128GB, 6GB RAM, 6.7"" Full HD+, Exynos 9810, 4500 mAh, Android","€569,-"
"Oppo Reno 2Z, Blanco, 128 GB, 8 GB RAM, 6.5"" Full HD+, MediaTek Helio P90, 4000 mAh, Android","€319,-"
"Honor 20 Lite, Negro, 128 GB, 4 GB RAM, 6.21"" FHD+, Kirin 710F, Triple cámara AI 48 MP, Dual SIM","€185,-"
"Motorola MOTO G8 Power, Negro, 64 GB, 4 GB, 6.4"" Full HD+, Qualcomm Snapdragon, 5000 mAh, Android","€229,-"
"XR, Blanco, 64 GB, 3 GB RAM, 6.1"" Liquid Retina HD, Chip A12 Bionic, iOS","€709,-"
"Samsung Galaxy S10+, Blanco, 128 GB, 8 GB RAM, 6.4"" QHD+, Exynos 9 9822, 4100 mAh, Android","€749,-"
"XR, Negro, 128 GB, 3 GB RAM, 6.1"" Liquid Retina HD, Chip A12 Bionic, iOS","€758,-"
"XR, Rojo, 64 GB, 3 GB RAM, 6.1"" Liquid Retina HD, Chip A12 Bionic, iOS","€709,-"
"Apple iPhone 8, Oro, 64 GB, 2GB RAM, 4.7"" Retina HD, Chip A11 Bionic, 1820 mAh, iOS","€379,-"
"XR, Azul, 128 GB, 3 GB RAM, 6.1"" Liquid Retina HD, Chip A12 Bionic, iOS","€758,-"
"Samsung Galaxy S20 4G, Azul, 128 GB, 8 GB RAM, 6.2"" AMOLED 120 Hz, Exynos 990, 4000 mAh, Android","€833,-"
"Honor 8A, Negro, 32 GB, 2 GB RAM, 6.09"" HD+, Mediatek Helio P35, 3020 mAh, Android","€119,-"
"realme 6, Azul, 128 GB, 4 GB, 6.5 "" Full HD, G90T, 4300 mAh, Android","€240,-"
"Xiaomi Redmi Note 7, Negro, 64GB, 4GB RAM, 6.3"" FHD+, Snapdragon 660 + Inst. Protector Pantalla","€219,-"
"XR, Coral, 128 GB, 3 GB RAM, 6.1"" Liquid Retina HD, Chip A12 Bionic, iOS","€758,-"
"Samsung Galaxy Note 10 +, Gris, 256 GB, 12 GB RAM, 6.8"" WQHD+, Exynos 9825, 4300 mAh, Android","€943,-"
"Samsung Galaxy S20 5G, Gris, 128 GB, 12 GB RAM, 6.2"" AMOLED 120 Hz, Exynos 990, 4000 mAh, Android","€1009,-"
"Honor 10 Lite, Azul, 64 GB, 3 GB RAM, 6.21"" Full HD+, Huawei Kirin 710, 3400 mAh, Android","€159,-"
"LG K40, Azul, 32 GB, 2 GB RAM, 5.7"" HD+, MT6762, 3000 mAh, Android","€129,-"
"Apple iPhone 8, Gris espacial, 64 GB, 2 GB RAM, 4.7"" Retina HD, Chip A11 Bionic, iOS","€379,-"
"Apple iPhone 7, Oro, 128 GB, 2 GB RAM, 4.7"" Retina HD, Chip A10 Fusion, iOS","€299,-"
"Samsung Galaxy S20+ 4G, Gris, 128 GB, 8 GB RAM, 6.7"" AMOLED 120Hz, Exynos 990, 4500 mAh, Android","€937,-"
"Samsung Galaxy S20+ 5G, Azul, 128 GB, 12 GB RAM, 6.7"" AMOLED 120Hz, Exynos 990, 4500 mAh, Android","€1109,-"
"Apple iPhone 8, Plata, 64 GB, 2 GB RAM, 4.7"" Retina HD, Chip A11 Bionic, iOS","€379,-"
"Samsung Galaxy S10 Lite, Negro, 128 GB, 8 GB RAM, 6.7"" Full HD+, OctaCore, 4500 mAh, Android","€659,-"
"LG K50, Azul, 32 GB, 3 GB RAM, 6.3"" HD+, MT6762, 3500 mAh, Android","€149,-"
"Huawei P30 Pro, Azul, 256 GB, 8 GB RAM, 6.47"" Full HD+, Kirin 980, 4200 mAh, Android","€749,-"
"XR, Rojo, 128 GB, 3 GB RAM, 6.1"" Liquid Retina HD, Chip A12 Bionic, iOS","€758,-"
"Samsung Galaxy S20+ 5G, Negro, 128 GB, 12 GB RAM, 6.7"" AMOLED 120Hz, Exynos 990, 4500 mAh, Android","€1109,-"
"Apple iPhone 8 Plus, Oro, 64 GB, 3 GB RAM, 5.5"" LED Retina Full HD, Chip A11 Bionic","€479,-"
"Apple iPhone 7, Plata, 128 GB, 2 GB RAM, 4.7"" Retina HD, Chip A10 Fusion, iOS","€299,-"
"Oppo Reno 2, Azul, 256 GB, 8 GB RAM, 6.55"" Full HD+, Snapdragon 730G, 4000 mAh, Android","€438,-"
"Samsung Galaxy S10 Lite, Azul, 128 GB, 8 GB RAM, 6.7"" Full HD+, OctaCore, 4500 mAh, Android","€659,-"
"Samsung Galaxy Note 10, Negro, 256 GB, 8 GB RAM, 6.3"" Full HD+, Exynos 9825, 3500 mAh, Android","€699,-"
"Samsung Galaxy Z Flip, Negro, 256 GB, 8 GB, 6.7 "" HD+, Snapdragon 855, 3300 mAh, Android","€1499,-"
"XR, Azul, 64 GB, 3 GB RAM, 6.1"" Liquid Retina HD, Chip A12 Bionic, iOS","€709,-"
"Honor 8A, Azul, 32 GB, 2 GB RAM, 6.09"" HD+, MT6765, 3020 mAh, Android","€119,-"
"Apple iPhone X, Gris espacial, 256 GB, 3 GB RAM, 5.8"" OLED Super Retina HD, Chip A11","€649,-"
"SE, Blanco, 256 GB, 4.7"" Retina HD, Chip A13 Bionic, iOS","€659,-"
"Samsung Galaxy S20+ 5G, Gris, 128 GB, 12 GB RAM, 6.7"" AMOLED 120Hz, Exynos 990, 4500 mAh, Android","€1109,-"
"Apple iPhone 8 Plus, Gris espacial, 64 GB, 3 GB RAM, 5.5"" LED Retina Full HD, iOS","€479,-"
"Huawei Mate 30 Pro, Plata, 256 GB, 8 GB RAM + Auriculares Huawei Freebuds 3 + Cargador Huawei Dock","€799,-"
"Samsung Galaxy S20+ 4G, Negro, 128 GB, 8 GB RAM, 6.7"" AMOLED 120Hz, Exynos 990, 4500 mAh, Android","€974,-"
"Samsung Galaxy S20 5G, Rosa, 128 GB, 12 GB RAM, 6.2"" AMOLED 120 Hz, Exynos 990, 4000 mAh, Android","€1009,-"
"Samsung Galaxy S20 5G, Azul, 128 GB, 12 GB RAM, 6.2"" AMOLED 120 Hz, Exynos 990, 4000 mAh, Android","€1009,-"
"LG Q60, Negro, 64 GB, 3 GB RAM, 6.26"" HD+, OctaCore, 3500 mAh, Android","€169,-"
"Apple iPhone X, Gris espacial, 64 GB, 3 GB RAM, 5.8"" OLED Super Retina HD, Chip A11","€599,-"
"LG Q60, Azul, 64 GB, 3 GB RAM, 6.26"" HD+, OctaCore, 3500 mAh, Android","€169,-"
"Oppo Reno 2, Negro, 256 GB, 8 GB RAM, 6.55"" Full HD+, Snapdragon 730G, 4000 mAh, Android","€438,-"
"XR, Coral, 64 GB, 3 GB RAM, 6.1"" Liquid Retina HD, Chip A12 Bionic, iOS","€709,-"
"XR, Amarillo, 64 GB, 3 GB RAM, 6.1"" Liquid Retina HD, Chip A12 Bionic, iOS","€709,-"
"Apple iPhone 8, Oro, 256 GB, 2 GB RAM, 4.7"" Retina HD, Chip A11 Bionic, iOS","€419,-"
"Apple iPhone 6S, Gris Espacial, 32 GB, 4.7"" Retina HD, Red 4G","€184,-"
"Apple iPhone 8 Plus, Plata, 64 GB, 3 GB RAM, 5.5"" LED Retina Full HD, Chip A11, iOS","€479,-"
"Apple iPhone X, Plata, 256 GB, 3 GB RAM, 5.8"" OLED Super Retina HD, Chip A11 Bionic","€649,-"
"Apple iPhone 7, Rosa, 128 GB, 2 GB RAM, 4.7"" Retina HD, Chip A10 Fusion, iOS","€299,-"
"Huawei P40 Pro, Plata, 256 GB, 8 GB, 6.58"" HD+, Kirin 990, 4200 mAh, 5G, Android","€1099,-"
"Huawei P40 Pro, Negro, 256 GB, 8 GB, 6.58"" HD+, Kirin 990, 4200 mAh, 5G, Android","€1099,-"
"11 Pro Max, Verde noche, 256 GB, 6 GB RAM, 6.5"" OLED Super Retina XDR, Chip A13 Bionic, iOS","€1390,-"
"11, Rojo, 256 GB, 4 GB RAM, 6.1"" Liquid Retina HD, Chip A13 Bionic, iOS, (PRODUCT)RED™","€979,-"
"Apple iPhone 8 Plus, Oro, 256 GB, 3 GB RAM, 5.5"" LED Retina Full HD, Chip A11 Bionic","€559,-"
"Huawei P30 Pro, Negro, 256 GB, 8 GB RAM, 6.47"" Full HD+, Kirin 980, 4200 mAh, Android","€749,-"
"Honor View 20, Azul, 256 GB, 8 GB RAM, 6.4"" Full HD+, Kirin 980, 4000 mAh, Android","€529,-"
"Apple iPhone 7, Negro, 128 GB, 2 GB RAM, 4.7"" Retina HD, Chip A10 Fusion, iOS","€299,-"
"Oppo A91, Azul, 128 GB, 8 GB RAM, 6.4"" Full HD+, Mediatek Helio P70, 4025 mAh, Android","€329,-"
"Oppo R15 Pro, Plata, 128 GB, 6 GB RAM, 6.28"", Snapdragon 660, 3430 mAh, Android","€349,-"
"Apple iPhone 7, Gris espacial, 128 GB, 2 GB RAM, 4.7"" Retina HD, Chip A10 Fusion","€299,-"
" Motorola G6 Plus, Azul índigo, 64 GB, 4 GB RAM, 5.7"", Snapdragon 630, 3200mAh, Android","€172,-"
"Xiaomi Mi Mix 2S, Blanco, 64 GB, 6 GB RAM, 5.9"" Full HD, Snapdragon 845, 3400 mAh, Android","€356,-"
"Samsung Galaxy Fold, Negro, 512 GB, 12 GB RAM, 7.1"" QXGA+, Snapdragon 855, 4380 mAh, Android","€2020,-"
"TCL Plex T780, Opal White, 128 GB, 6 GB RAM, 6.53"", Snapdragon 675, Android","€209,-"
"Apple iPhone 8 Plus, Plata, 256 GB, 3 GB RAM, 5.5"" LED Retina Full HD, Chip A11, iOS","€559,-"
"Huawei P40, Negro, 128 GB, 8 GB, 6.1"" Full HD+, Kirin 990, 3800 mAh, 5G, Android","€799,-"
"Apple iPhone 8 Plus, Gris espacial, 256 GB, 3 GB RAM, 5.5"" LED Retina Full HD, iOS","€559,-"
"SE, Rojo, 256 GB, 4.7"" Retina HD, Chip A13 Bionic, iOS","€659,-"
"LG G8X ThinQ, Azul, 128 GB, 6 GB RAM, 6.4"" Full HD+, Snapdragon 855, 4000 mAh, Android","€649,-"
"Samsung Galaxy S20+ 4G, Azul, 128 GB, 8 GB RAM, 6.7"" AMOLED 120Hz, Exynos 990, 4500 mAh, Android","€936,-"
"Sony Xperia 5, Negro, 128 GB, 6 GB RAM, 6.1"" Full HD+, Snapdragon 855, 3140 mAh, Android","€799,-"
"Samsung Galaxy Fold, Plata, 512 GB, 12 GB RAM, 7.1"" QXGA+, Snapdragon 855, 4380 mAh, Android","€2020,-"
"Samsung Galaxy Note 10 Lite, Aura Red, 128 GB, 6 GB RAM, 6.7"" Full HD+, Exynos 9810, 4500 mAh, Android","€569,-"
"Honor View 20, Negro, 128 GB, 6 GB RAM, 6.4"" Ultra HD 4K, Kirin 980, 4000 mAh, Android","€399,-"
"Sony Xperia XZ2, Plata, 64 GB, 4 GB RAM, 5.7"" Full HD, Snapdragon 845, 3180 mAh, Android","€457,-"
"Sony Xperia XZ2, Negro, 64 GB, 4 GB RAM, 5.7"", Snapdragon 845, 3180 mAh, Android","€474,-"
"Huawei P40, Plata, 128 GB, 8 GB, 6.1"" Full HD+, Kirin 990, 3800 mAh, 5G, Android","€799,-"
"XS Max, Plata, 256 GB, 4 GB RAM, 6.5"" OLED Super Retina HD, Chip A12 Bionic, iOS","€1269,-"
"realme 6i, Verde, 128 GB, 4 GB, 6.5"" , Mediatek Helio G80 (12 nm), 5000 mAh, Android","€179,-"
"realme C3, Azul, 64 GB, 3 GB, 6.5"", Mediatek Helio G70, 5000 mAh, Android","€139,-"
"Sony Xperia XZ2, Verde, 64 GB, 4 GB RAM, 5.7"" Full HD, Snapdragon 845, 3180 mAh, Android","€474,-"
" Huawei P9 Lite, 5.2"", Full HD, Kirin 650, 3 GB RAM, 16 GB, 13 MP + 8 MP, 4G","€225,60"
"TCL Plex T780, Negro, 128 GB, 6 GB RAM, 6.53"" Full HD+, Snapdragon 675, Android","€209,-"
"Nokia 5.1 Plus, Negro, 32 GB, 3 GB RAM, 5.8"" HD+, Mediatek Helio P60, 3060 mAh, Android","€229,-"
"Crosscall Action X3, Negro, 32 GB, 3 GB RAM, 5"" HD, Snapdragon 430, 3500 mAh, Android","€349,90"
" LG K10, 5.3"", HD, 16 GB, 1.5 GB RAM, Red 4G, Dual SIM, Azul","€143,20"
" Motorola Moto G4, 5.5"", Full HD, Qualcomm Snapdragon 617, 2GB RAM, 16 GB, 4G","€152,-"
" Samsung Galaxy J7 (2017), 5.5"", Full HD, 16 GB, OctaCore, Red 4G, Oro","€375,20"
"Oppo A91, Negro, 128 GB, 8 GB RAM, 6.4"" Full HD+, Mediatek Helio P70, 4025 mAh, Android","€329,-"
" Honor View 10, 5.99"", 6 GB RAM, 128 GB ROM, Negro","€391,20"
"realme C3, Rojo, 64 GB, 3 GB, 6.5"", Mediatek Helio G70, 5000 mAh, Android","€139,-"
"Palm Iberia, Negro, 32 GB, 3 GB RAM, 3.3"" HD, 800 mAh, Android","€399,-"
"Crosscall Trekker X4, Negro, 64 GB, 4 GB RAM, 5.5"" Full HD+, Snapdragon SD660, 4400 mAh, Android","€699,90"
" Honor 9, 5.2"", red 4G, 2 lentes trasera, 64GB memoria, 4GB RAM, Azul","€368,-"
" Lenovo Phab 2, 6.4 pulgadas, 32 GB, Gris","€159,20"
" Huawei MATE 9 DISEÑO PORSCHE Negro, 4G, 5.5"" QHD, 256 GB, Dual SIM","€1132,-"
" Asus Zenfone Go, 5"", HD, 16GB, 2GB RAM, Dual SIM, Blanco","€112,-"
" Lenovo Phab 2 Plus, 6.4 pulgadas, 4G, 8N, 32GB, Gris","€239,20"
"Honor 10, Verde, 128 GB, 4 GB RAM, 5.84"", HiSilicon Kirin 970, 3400 mAh, Android","€399,-"
"Honor 8X, Negro, 128 GB, 4 GB RAM, 6.5"", Kirin 710, 3750 mAh, Android","€199,-"
"Motorola Z2 Play, Gris, 64 GB, 4 GB RAM, 5.5"" Full HD, Snapdragon 625, 3000 mAh, Android","€320,-"
"Motorola Z2 Play, Gris, 64 GB, 4 GB RAM, 5.5"" Full HD, Snapdragon 625, 3000 mAh, Android","€320,-"
" LG V30, 6"" OLED FullVision QHD+, 64 GB, 3300 mAh, Rosa","€319,20"
"Oppo Find X2 Lite, Blanco, 128 GB, 8 GB, 6.4"", Qualcomm Snapdragon 765G, 4025 mAh, Android","€499,-"
"Crosscall Trekker M1 Core, Gris, 16 GB, 2 GB RAM, 4.5"" HD, Snapdragon 410, 3000 mAh, Android","€272,-"
"iPhone XS Max, Oro, 64 GB, 4 GB RAM, 6.5"" OLED Super Retina HD, Chip A12 Bionic, iOS","€931,20"
" Sony Xperia Xz, 32Gb, 5, 2P Red 4G, Full Hd, Ram 3 Gb, Negro","€524,-"
" Honor 10, 5.84"", 128 GB ROM, 4 GB RAM, Dual IA, Azul","€319,20"
" Sony Xperia XZ1, 5.2"", 4GB RAM, 64GB, Snapdragon 835, Negro","€559,20"
" Honor View 20, Azul, 256 GB, 8 GB RAM, 6.4"" Full HD+, Kirin 980, 4000 mAh, Android","€423,20"
"Huawei Mate Xs, Azul, 512 GB, 8 GB RAM, 6.6"" + 6.38"" QHD, Kirin 990, 4500 mAh, Triple cámara, Android","€2599,-"
" Meizu PRO 6, 5.2"" AMOLED, 4G, 32GB eMMc, 4GB RAM, plata","€297,60"
"iPhone 6 Plus Dorado de 128 GB, reacondicionado, red 4G","€810,40"
"Oppo Find X2 Lite, Negro, 128 GB, 8 GB, 6.4"" , Qualcomm Snapdragon 765G, 4025 mAh, Android","€499,-"
"Samsung Galaxy Z Flip, Violeta, 256 GB, 8 GB, 6.7 "" HD+, Snapdragon 855 , 3300 mAh, Android","€1499,-"
"iPhone 6 Plata de 128 GB, red 4G","€599,20"
" Samsung A3 2017, 4.7"", Red 4G, 16 GB, Rosa","€207,20"
" LG X POWER2, 5.5"" HD, 2 GB RAM, Memoria 16 GB, 4500 mAh","€179,20"
" Xiaomi Mi Mix 2 SE, Blanco, 128 GB, 4 GB RAM, 6"", Snapdragon 835, 3400 mAh, Android","€545,60"
" Sony Xperia XZ Premium, 5.5 pulgadas, 4G, 64GB, 4K HDR, Plata","€391,20"
" LG K10, 5.3'', HD, 16 GB, 1.5 GB RAM, Red 4G, Dual SIM, Blanco","€148,-"
"Xiaomi Mi Mix 2S, Negro, 128 GB, 6 GB RAM, 5.9"" Full HD, Snapdragon 845, 3400 mAh, Android","€599,-"
" Sony Xperia XZ2, 5.7"", Full HD+, 4K, HDR, Snapdragon 845, 4 GB RAM, 64 GB","€439,20"
" Moto Z2 Play, 5.5"", Full HD, 8 x 2.2GHz, 4 GB RAM, 64 GB, Dual SIM, Dorado","€382,40"
" Motorola Moto G4, 5.5"", Full HD, Qualcomm Snapdragon 617, 2GB RAM, 16 GB, 4G","€122,85"
" Samsung Galaxy J7 (2017), 5.5"", Full HD, 16 GB, OctaCore, Red 4G, Azul","€375,20"
"Crosscall Core X3, Azul, 16 GB, 2 GB RAM, 5"" HD, Snapdragon SD425, 3500 mAh, Android","€279,90"
"Apple iPhone X, Gris espacial, 64 GB, 3 GB RAM, 5.8"" OLED Super Retina HD, Chip A11","€599,-"
"Apple iPhone 6S Plus, Oro, 128 GB, 2 GB RAM, 5.5"" Retina HD, Chip A9, 2700 mAh, iOS","€279,-"
"Xiaomi Mi Mix 2S, Blanco, 128 GB, 6 GB RAM, 5.99"" Full HD, Snapdragon 845, 3400 mAh, Android","€459,-"
" Sony Xperia Z5 Compact, 32GB, red 4G, pantalla HD 4, 6"", amarillo","€496,80"
"Motorola Z2 Force, Negro, 64 GB, 6 GB RAM, 5.5"", Snapdragon 835, 2730 mAh, Android","€576,-"
"iPhone X, 64 GB, Super Retina de 5.8"", Red 4G LTE, Gris espacial","€759,20"
"Oppo Find X2 Neo, Azul, 256 GB, 12 GB, 6.5"" Full HD+, Qualcomm Snapdragon 765G, 4025 mAh, Android","€699,-"
"Oppo Find X2 Neo, Negro, 256 GB, 12 GB, 6.5"" Full HD+, Qualcomm Snapdragon 765G, 4025 mAh, Android","€699,-"
 LG G4 de cuero Marrón con 32GB 4G pantalla Quad HD de 5 5 pulgadas,"€199,50"
"iPhone X, 64 GB, Super Retina de 5.8"", Red 4G LTE, Plata","€759,20"
